植物,アイアスカイノデ,0,0,0,0,0,0,0,0,0,1,,,,,,,
植物,アイイノモトソウ,,,,,,,,,,1,1,,,,,,
植物,アイイロニワゼキショウ,,,,,,,,,,,1,,,,,,
植物,アイズスゲ,,,,,,,,,,1,,,1,,,,
植物,アイセイタカハハコグサ,,,,,,,,,,,,,,,,1,
植物,アイダクグ,,,,,,,,,,,,,,,,1,
植物,アイダクグ(タイワンヒメクグ),,,,,,,1,,,,,,,,,,
植物,アイトキワトラノオ,,,,,,,,,,,,1,,,,,
植物,アイノコイトモ,,,,,,1,,,,,,,,,,,
植物,アイノコオオアカウキクサ,,,,,,1,,,,,,,,,,,
植物,アイノコクマワラビ,,,,,,,,,,1,,,,,,,
植物,アイノコシラスゲ,,,,,,,,,,1,,,,,,,
植物,アイバソウ,,,,,1,,,,,,,,,,,,
植物,アオイゴケ,,,,,,,,,,,,,,,,1,
植物,アオイスミレ,,,,,,,,,,,1,,,,,,
植物,アオウキクサ,,,,,,1,1,,,,,,,,,,
植物,アオウシノケグサ,,,,,,,,,,,1,,,,,,
植物,アオオニタビラコ,,,,,,,,,,,,1,,,,1,
植物,アオカモジグサ,,,,,,,,,,,,,,,,1,
植物,アオカラムシ,,,,,,,,,,,1,,,,,,
植物,アオガシ,,,1,,,,,,,,,,,,,,
植物,アオガネシダ,1,1,,,,,,,,,,,,,,,
植物,アオガヤツリ,,,,,,,1,,,,,,,,,,
植物,アオキ,,,1,,,,,,,1,,,,,,,
植物,アオギリ,,,,,,,,,,,,,,,,,
植物,アオゲイトウ,,,,,,,,,,,,,,,,1,
植物,アオコウガイゼキショウ,,,,,,1,1,,,,,,,,,,
植物,アオゴウソ,,,,,,,,,,1,,1,,,,,
植物,アオジソ,,,,,,,,,,,,,,,,,
植物,アオスゲ,,,1,,,,,,,,1,,,,,,
植物,アオダモ,,,,,,,,,,,,,,,,,
植物,アオチカラシバ,,,,,,,,,,,1,,,,,1,
植物,アオツヅラフジ,,,,,,,,,,1,1,,,,,1,
植物,アオテンツキ,,,,,,1,,,,,,,,,,,
植物,アオナラガシワ,,,,,,,,,,,1,1,,,,,
植物,アオハダ,,,,,,,,,,1,,,,,,,
植物,アオハリガネワラビ,,,,,,,1,,,1,,,,,,,
植物,アオバスゲ,,,,,,,,,,1,,,,,,,
植物,アオビユ,,,,,,,,,,,1,,,,,,
植物,アオホラゴケ,,1,,,,,,,,1,,,1,,,,
植物,アオミズ,,,,,,1,,,,,,,,,,,
植物,アオミズキ,,,,,,,,,,,,,1,,,,
植物,アオミヤマカンスゲ,,,,,,,,,,,,,,,,,1
植物,アオミヤマトウバナ,,,,,,,1,,,,1,,,,,,
植物,アオモジ,,,,,,,,,,,,,,,,,1
植物,アカイタヤ,,,,,,,,,,,,,1,,,,
植物,アカオニタビラコ,,,,,,,,,,,,,,,,1,
植物,アカカタバミ,,,,,,,,,,,,,,,,1,
植物,アカガシ,,,,,,,,,,,,,1,,,,
植物,アカザ,,,,,,,,,1,,,,,,,,
植物,アカシデ,,,,,,,,,,,1,,1,,,,
植物,アカショウマ,,,,,,,,,,1,,,,,,,
植物,アカジソ,,,,,,,,,,,,1,,,,,1
植物,アカソ,,1,,,,,,,,,,,,,,,
植物,アカツメクサ,,,,,,,,,,,1,,,,,,
植物,アカネ,,,,,,,,,,,,,1,,,,
植物,アカネスミレ,,,,,,,,,,,,,1,,,,
植物,アカバナ,,,,,,,,,,,,,1,,,,
植物,アカマツ,,,,,,,,,,1,,,,,,,
植物,アカミタンポポ,,,,,,,,,,,,1,,,,,
植物,アカミノイヌツゲ,,,,,,,,,,,,,1,,,,
植物,アカメガシワ,,,,,,,,,,1,,,,,,,1
植物,アカメヤナギ,,,,,,1,,,,,,,,,,,
植物,アカメヤナギ(マルバヤナギ),,,,,,1,,,,,1,,,,,,
植物,アキカラマツ,,,,,,,,,,,1,,,,,,
植物,アキギリ,,,,,,,,,,1,,,,,,,
植物,アキグミ,,,1,,,,,,,,,,,,,1,
植物,アキチョウジ,,,,,,,,,,1,,,,,,,
植物,アキニレ,,,1,,,,,,,,1,,,,,,
植物,アキノウナギツカミ,,,,,,1,,,,,,,,,,,
植物,アキノエノコロ,,,,,,,,,,,,,,,,,
植物,アキノエノコログサ,,,,,,,,,1,,,,,,,1,
植物,アキノキリンソウ,,,,,,,,,,1,,,,,,,
植物,アキノギンリョウソウ,,,,,,,,,,1,,,,,,,
植物,アキノタネツケバナ,,,,,,,,,1,,,,,,,,1
植物,アキノタムラソウ,,,,,,,,,,1,,,,,,1,
植物,アキノノゲシ,,,,,,,,,,,1,,,,,,
植物,アキノハハコグサ,,,,,,,,,,,,,1,,,,
植物,アキノミチヤナギ,,,1,,,,,,,,,,,,,,
植物,アキメヒシバ,,,,,,,,,,,1,,,,,1,
植物,アギスミレ,,,,,,1,1,,,,,,,,,,
植物,アクシバ,,,,,,,,,,1,,,,,,,
植物,アケビ,,,,,,,,,,,1,,,,,,
植物,アケボノシュスラン,,,,,,,,,,1,,,,,,,
植物,アケボノスミレ,,,,,,,,,,,,,1,,,,
植物,アケボノソウ,,,,1,1,1,,,,,,,,,,,
植物,アサガオ,,,,,,,,,,,,,,,,1,
植物,アサガラ,,,,,,,,,,,,,1,,,,
植物,アサクラザンショウ,,,,,,,,,,1,,,,,,,
植物,アサツキ,,,1,,,,,,,,1,,,,,,
植物,アシウスギ,,,1,,,,,,,,,,,,,,
植物,アシウテンナンショウ,,,,,,,,,,1,,,,,,,
植物,アシカキ,,,1,,,1,,,,,,,,,,,
植物,アシタバ,,,1,,,,,,,,,,,,,,
植物,アシボソ,,,,,,,1,,,,,,,,,,
植物,アジサイ,,,,,,,,,,,,1,,,,,
植物,アスカイノデ,,,1,,,,,,,,,,,,,,
植物,アズキナシ,,,,,,,,,,,,1,,,,,
植物,アズマカモメヅル,,,,,,1,,,,,,,,,,,
植物,アズマガヤ,,,,,,,,,,,1,,1,,,,
植物,アズマナルコ,,1,1,,,1,,,,,,,,,,,
植物,アズマヤマアザミ,,,,,,,,,,,,,1,,,,
植物,アセビ,,,,,,,,,,1,,,,,,,
植物,アゼオトギリ,,,,,,,1,,,,,,,,,,
植物,アゼガヤ,,,,,,,1,,,,,,,,,,
植物,アゼガヤツリ,,,,,,1,1,,,,,,,,,,
植物,アゼスゲ,,,,,,,,,,1,,,,,,,1
植物,アゼテンツキ,,,,,,,,,,,,,,,,,1
植物,アゼトウガラシ,,,,,,,1,,1,,,,,,,,
植物,アゼナ,,,,,,,1,,,,,,,,,,
植物,アゼナルコ,,,,,,,1,,,,,,,,,,
植物,アゼムシロ,,,,,,,1,,,,,,,,,,1
植物,アツバキミガヨラン,,,,,,,,,,,,,1,,,,
植物,アツミカンアオイ,,,,,,,,,,1,,,,,,,
植物,アツミゲシ,,,,,,,,,,,1,,,,1,,
植物,アブノメ,,,,,,,1,,,,,,,,,,
植物,アブラガヤ,,,,,,1,,,,,,,,,,,
植物,アブラギリ,,,,,,,,,,,1,,,,,,
植物,アブラシバ,,,,,,,,,,,,,,,1,,
植物,アブラススキ,,,,,,,,,,1,,,,,,,
植物,アブラチャン,,,,,,,,,,1,,,,,,,
植物,アブラナ,,,,,,,,,,,1,1,,,,,
植物,アベマキ,,,,,,,,,,1,,,,,,,
植物,アマクサシダ,,,,,,,,,,1,,,,,,,
植物,アマゾントチカガミ,,1,,1,,,,,,,,,,,,,
植物,アマチャヅル,,,,,,,,,,1,,,,,,,
植物,アマヅル,,,,,,,,,,1,,,,,,,
植物,アマドコロ,,,,,,,,,,,1,,,,,,
植物,アマナ,,,,,,1,,,,1,1,,,,,,
植物,アマリリス,,,,,,,,,,,,,,,,,1
植物,アメリカアサガオ,,,,,,,,,,,,,,,,1,
植物,アメリカアゼナ,,,,,,,1,,,,,,,,,,
植物,アメリカアリタソウ,,,,,,,,,,,,,,,,,1
植物,アメリカイヌホオズキ,,,,,,,,,,,1,1,,,,,
植物,アメリカオニアザミ,,,,,,,,,,,,,,,,1,
植物,アメリカキカシグサ,,,,,,,1,,,,,,,,,,
植物,アメリカキンゴジカ,,,,,,,,,,,1,,,,,,
植物,アメリカクサネム,,,,,,,,,1,,1,,,,,,
植物,アメリカスズメノヒエ,,,,,,,,,,,1,1,,,,,
植物,アメリカスミレサイシン,,,,,,,,,,1,,,,,,1,
植物,アメリカセンダングサ,,,,,,,,,1,,,,,,,1,
植物,アメリカタカサブロウ,,,,,,,,,,,1,,,,,,
植物,アメリカヌスビトハギ,,,,,,,,,,,1,,,,1,,
植物,アメリカネナシカズラ,,1,1,,,,,,,,,,,,,,1
植物,アメリカハッカ,,,,,,,,,,,1,,,,,,
植物,アメリカフウロ,,,,,,,,,,,,1,,,,,
植物,アメリカミズキンバイ,,,,,,,,,,,,,,,,,1
植物,アメリカミズユキノシタ,,,,,,,1,,,,,,,,,,
植物,アメリカヤマボウシ,,,,,,,,,,,,1,,,,,
植物,アヤメ,,,,,,,,,,,1,,,,,,
植物,アラカシ,,,,,,,,,,,1,1,,,,,
植物,アラゲアオダモ,,,,,,,,,,,1,1,,,,,
植物,アラゲハンゴンソウ,,,,,,,,,,1,,,,,,1,
植物,アリアケスミレ,,,,,,,,,,,,,,,,,
植物,アリタソウ,,,,,,,,,,,,,,,1,1,
植物,アリドオシ,,,,,,,,,,1,,,,,,,
植物,アリノトウグサ,,,,,,,,,,,,,1,,,,1
植物,アレチウリ,,,,,,1,,,,,,,,,1,,
植物,アレチギシギシ,1,1,,,,,,,,,,,,,,1,
植物,アレチニシキソウ,,,,,,,,,,,,,,,,1,
植物,アレチヌスビトハギ,,,,,,,,,,,1,,,,1,,
植物,アレチノギク,,,,,,,,,,,,,,,,1,
植物,アレチノチャヒキ,,,,,,,,,,1,,,,,,,
植物,アレチハナガサ,,,,,,,,,,,1,,,,,1,
植物,アレチマツヨイグサ,,,1,,,1,,,,,,,,,,,
植物,アワガエリ,,,,,,,,,1,,,,,,,1,
植物,アワコガネギク,,,,,,,,,,,,,1,,,,
植物,アワゴケ,,,,,,1,,,,,,,,,,,
植物,アワブキ,,,,,,,,,,1,,,,,,,1
植物,アワモリショウマ,,,,,,,,,,,,,,,,,
植物,イ,,,,,,1,,,,,,,1,,,,
植物,イイギリ,,,,,,,,,,1,,,,,,,
植物,イエギク,,,,,,,,,,,,,,,,,1
植物,イガオナモミ,,,,,,,,,,,1,,,,,1,
植物,イガガヤツリ,,,,,,,,,,,1,,,,1,,
植物,イガホオズキ,,,,,,,,,,1,,,,,,,
植物,イグサ,,,,,,1,,,,,,,,,,,
植物,イケノミズハコベ,,,,,,1,,,,,,,,,,,
植物,イケマ,1,,,,,,,,,,1,,,,,,
植物,イシカグマ,,,,,,,,,,1,1,,,,,,
植物,イシミカワ,,1,,,,,,,,,,,,,,,
植物,イスノキ,,,,,,,,,,,,1,,,,,
植物,イズセンリョウ,,,,,,,,,,1,,,,,,,
植物,イソツツジ,,,,,,1,,,,,,,1,,,,
植物,イソノキ,,,,,,,,,,,1,,,,,,
植物,イタチガヤ,,,,,,,,,,,,,,,,,1
植物,イタチハギ,,,1,,,,,,,,,,,,1,,
植物,イタドリ,,,,,,,,,,,,,1,,,,
植物,イタビカズラ,,,,,,,,,,1,,,,,,,
植物,イタヤカエデ,,,,,,,,,,,,,,,,,
植物,イタヤカエデ（広義）,,,,,,,,,,,,,,,,,
植物,イチイ,,,,,,,,,,,1,,,,,,
植物,イチゴツナギ,,1,,,,,,,,,,,,,,,
植物,イチジク,,,,,,,,,,,,1,,,,,1
植物,イチビ,,,,,,,,,,,1,,,,,,
植物,イチヤクソウ,,,,,,,,,,1,,,,,,,
植物,イチョウ,,,,,,,,,,,,1,,,,,
植物,イチリンソウ,,,,,,,,,,1,1,,,,,,
植物,イトアオスゲ,,,,,,,,,,1,1,,,,,,
植物,イトアゼガヤ,,,,,,,,,,,,,,,,,
植物,イトイヌノハナヒゲ,,,,,,1,1,,,,,,,,,,
植物,イトイヌノヒゲ,,,,,,1,1,,,,,,,,,,
植物,イトスゲ,,,,,,,,,,,1,,,,,,
植物,イトツメクサ,,,,,,,,,,,,,,,,1,
植物,イトマキイタヤ,,,,,,,,,,,,,1,,,,
植物,イナカギク,,,,,,,,,,,,,1,,,,
植物,イナモリソウ,,,,,,,,,,1,,,,,,,
植物,イヌアワ,,,,,,,,,,1,1,,,,,,
植物,イヌイワガネソウ,,,,,,,,,,1,,,,,,,
植物,イヌウメモドキ,,,,,,,,,,,,,1,,,,
植物,イヌエンジュ,,1,1,,,,,,,1,,,,,,,
植物,イヌカキネガラシ,,,,,,,,,,,,1,,,,,
植物,イヌカタヒバ,,,,,,,,,,,,1,,,,,
植物,イヌカミツレ,,,,,,,,,,,,,,,,1,
植物,イヌガシ,,,,,,,,,,1,,,,,,,
植物,イヌガヤ,,,,,,,,,,1,,,,,,,
植物,イヌガラシ,,,,,,,,,,,,,,,,1,
植物,イヌガンソク,,,,,,,,,,1,,,,,,,
植物,イヌキクイモ,,,,,,,,,,1,,,,,,,
植物,イヌクグ,,,,,,,,,,,1,,,,,,
植物,イヌケホシダ,,,,,,,,,1,,,,,,,1,
植物,イヌコウジュ,,,,,,,,,,,,,,,,1,
植物,イヌコハコベ,,,,,,,,,,,,,,,,1,
植物,イヌコモチナデシコ,,,,,,,,,,,,,,,,1,
植物,イヌコリヤナギ,,1,1,,,,,,,,,,,,,,
植物,イヌゴマ,,1,1,,,1,,,,,,,,,,1,
植物,イヌザクラ,,,,,,,,,,,,,,,,,
植物,イヌザンショウ,,,,,,,,,,1,,,,,,1,
植物,イヌシダ,,,,,,,,,,,,,,,,,
植物,イヌシデ,,,,,,,,,,1,,,,,,,
植物,イヌシバ,,,,,,,,,,,1,,,,,,
植物,イヌショウマ,1,,,,,,,,,1,,,,,,,
植物,イヌタデ,,,,,,,,,,,,,,,,1,
植物,イヌチャセンシダ,,,,,,,,,,,,,,,,1,
植物,イヌツゲ,,,,,,,,,,1,,1,,,,,
植物,イヌツルウメモドキ,,,,,,,,,,1,,,,,,,
植物,イヌトウキ,,,,,,,,,,,,,,,,,
植物,イヌトウバナ,,,,,,,,,,1,,,,,,,
植物,イヌドクサ,,,,,,,,,,,1,,,,,,
植物,イヌナギナタガヤ,,,,,,,,,,,1,,,,,,
植物,イヌナズナ,,,,,,,,,,,,,,,,1,
植物,イヌナチクジャク,,,,,,,,,,1,,,,,,,
植物,イヌノハナヒゲ,,,,,,1,,,,,,,,,,,
植物,イヌハッカ,,,,,,,,,,,,1,,,,,
植物,イヌヒメコズチ,,,,,,,,,,1,1,,,,,,
植物,イヌヒメワラビ,,,,,,,,,,,1,,,,,,
植物,イヌビエ,,,,,,,1,,1,,,,,,,1,
植物,イヌビユ,,,,,,,,,1,,,,,,,1,
植物,イヌビワ,,,,,,,,,,1,,,,,,,
植物,イヌブナ,,,,,,,,,,1,,,,,,,
植物,イヌホオズキ,,,,,,,,,,,,,,,,1,
植物,イヌホタルイ,,,,,1,1,1,,,,,,,,,,
植物,イヌマキ,,,,,,,,,,,,1,,,,,
植物,イヌムギ,,,,,,,,,,,1,,,,,,
植物,イヌヨモギ,,,,,,,,,,,1,,,,,,
植物,イヌワラビ,,,,,,,,,,1,,,,,,1,
植物,イネ,,,,,,,,,,,,,,,,,
植物,イネ科,,,,,,,,,,,,,,,,,
植物,イノコズチ,,,,,,,,,,1,,,,,,,
植物,イノコヅチ,,,,,,,,,,,,,,,,1,
植物,イノデ,,,,,,,,,,1,,,,,,,
植物,イノデモドキ,,,,,,,,,,1,,,,,,,
植物,イノバラ,,,,,,,,,,,,,,,,1,
植物,イノモトソウ,,,,,,,,,,1,,1,,,,,
植物,イバラモ,,,,1,,1,,,,,,,,,,,
植物,イバラモ属の一種,,,,,,,,,,,,,,,,,
植物,イブキ,,,,,,,,,,,,1,,,,,
植物,イブキキンポウゲ,,,,,,,,,,1,,,1,,,,
植物,イブキザサ,,,,,,,,,,,1,,,,,,
植物,イブキシダ,,,,,,1,,,,1,,,,,,,
植物,イブキシモツケ,,,1,,,1,,,,,,,,,,,
植物,イブキヌカボ,,,,,,,,,,1,,,,,,,
植物,イブキノエンドウ,,,,,,,,,,1,1,,,,,1,
植物,イブキハタザオ,,,,,,,,,,,1,1,,,,,
植物,イボクサ,,,,,,1,1,,,,,,,,,,
植物,イボタノキ,,,,,,,,,,1,,,,,,,
植物,イモカタバミ,,,,,,,,,1,,,1,,,,,
植物,イヨカズラ,,,,,,,,,,,,1,,,,,
植物,イラクサ,,,,,,,,,,1,,,,,,,
植物,イリノイヌスビトハギ,,,,,,,,,,,,,1,,,,
植物,イロハモミジ,1,1,,,,,,,,,,,,,,,
植物,イワアカバナ,,,,,,,,,,,,,1,,,,
植物,イワイタチシダ,,,,,,,,,,,,,1,,,,
植物,イワイチョウ,,,,,,,,,,,,,,,,,
植物,イワウチワ,,,,,,,,,,,,,1,,,,
植物,イワオトギリ,,,,,,,,,,,,,1,,,,
植物,イワカガミ,,,,,,,,,,1,,,1,,,,
植物,イワガネゼンマイ,,,,,,,,,,1,,,,,,,
植物,イワガネソウ,,,,,,,,,,1,,,,,,,
植物,イワガラミ,,,,,,,,,,,,,1,,,,1
植物,イワタバコ,,,,,,1,,,,,,,1,,,,
植物,イワデンダ,,,,,,,,,,1,,,,,,,
植物,イワトラノオ,,,,,,,,,,1,,,1,,,,1
植物,イワナシ,,,,,,,,,,1,,,1,,,,
植物,イワニガナ,,,,,,,,,,,1,1,,,,,
植物,イワハリガネワラビ,,,,,,,,,,,,,1,,,,
植物,イワヒトデ,,,,,,,,,,1,,,,,,,
植物,イワヒバ,,,,,,,,,,,,,,,,,1
植物,イワヒメワラビ,,,,,,,,,,,,,,,,,
植物,イワヘゴ,,,,,,,,,,1,,,,,,,
植物,イワボタン,1,1,,,,,,,,,,,,,,,
植物,イワヤシダ,,,,,,,,,,1,,,,,,,
植物,イワヤナギシダ,,,,,,,,,,,1,1,,,,,
植物,イワヨモギ,,,,,,,,,,1,,,,,,,
植物,ウキアゼナ,,,,,,1,1,,,,,,,,,,
植物,ウキクサ,,,,1,,1,,,,,,,,,,,
植物,ウキヤガラ,,,,,,,,,1,,,,,,1,,
植物,ウグイスカグラ,,,,,,,,,,1,,,,,,,
植物,ウコギ,,,,,,,,,,,,1,,,,,
植物,ウサギアオイ,,,1,,,,,,,,,,,,,,
植物,ウシオツメクサ,,,,,,,,,,,,1,,,,,1
植物,ウシオハナツメクサ,,,1,,,,,,,,,,,,,,
植物,ウシクグ,,,,,,,,,1,,,,,,,,
植物,ウシクサ,,,,,,,,,,,1,,,,,1,
植物,ウシノケグサ,,,,,,,,,,,,,,,,1,
植物,ウシノシッペイ,,,,,,,1,,,,,,,,,1,
植物,ウシハコベ,,,,,,,,,,,,,,,,,
植物,ウシミツバ,,,,,,,,,1,1,,,,,,,
植物,ウスアカカタバミ,,,,,,,,,,,,,,,,1,
植物,ウスアカノイバラ,,,,,,,,,,,1,,,,,,
植物,ウスイロタチクサボタン,,,,,,,,,,,,,,,,,
植物,ウスギヨウラク,,,,,,,,,,1,,,,,,,
植物,ウスゲオオバナミズキンバイ,,,,1,,,,,,,,,,,,,
植物,ウスゲクロモジ,,,,,,,,,,1,,,,,,,
植物,ウスゲタマブキ,,,,,,,,,,1,,,,,,,
植物,ウスゲトダシバ,1,1,1,,,,,,,,,,,,,,
植物,ウスゲミヤマシケシダ,1,1,,,,,,,,,,,,,,,
植物,ウスノキ,,,,,,,,,,1,,,,,,,
植物,ウスバサイシン,,,,,,,,,,1,,,,,,,
植物,ウスバヤブマメ,,,,,,,,,,,1,,,,,,
植物,ウスヒメワラビ,,,,,,,,,,1,,,,,,,
植物,ウスベニチチコグサ,,,,,,,,,,,,,,,,1,
植物,ウスベニツメクサ,,,1,,,,,,,,,,,,1,,
植物,ウチワゴケ,,1,,,,,,,,,,,,,,,
植物,ウチワサボテン,,,,,,,,,,,,,,,,,
植物,ウチワサボテン属の一種,,,,,,,,,,,,,,,,,
植物,ウチワゼニクサ,1,1,1,,,1,,,,,,,,,,,
植物,ウチワダイモンジソウ,,,,,,,,,,1,,,,,,,
植物,ウチワドコロ,,,,,,,,,,1,,,1,,,,
植物,ウツギ,,,,,,,,,,,,,,,,,
植物,ウツボグサ,,,,,,,,,,,1,1,,,,,1
植物,ウド,,,,,,,,,,,1,1,,,,,
植物,ウドカズラ,,,,,,,,,,1,,,,,,,
植物,ウナギツカミ,,,1,1,1,1,,,,,,1,,,,,
植物,ウバメガシ,,,1,,,,,,,,,,,,,,
植物,ウバユリ,,,,,,,,,,1,,,,,,,
植物,ウマゴヤシ,,,1,,,,,,,,,,,,,1,
植物,ウマノアシガタ,,,,,,,,,,1,,,,,,,
植物,ウマノスズクサ,,,,,,,,,,,,,,,,,
植物,ウマノチャヒキ,,,,,,,,,,,,1,,,,,
植物,ウマノミツバ,,,,,,,,,,1,,,,,,,
植物,ウメ,,,,,,,,,,,,1,,,,,
植物,ウメバチソウ,,,,,,,,,,1,,,,,,,
植物,ウメモドキ,,,,,,,,,,,,1,,,,,
植物,ウラゲイワガネ,,,,,,,,,,,1,1,,,,,
植物,ウラゲウコギ,,,,,,,,,,1,1,,,,,,
植物,ウラゲエンコウカエデ,,,,,,,,,,1,,,,,,,
植物,ウラゲオオトネリコ,,,,,,,,,,1,,,,,,,
植物,ウラゲトチノキ,,,,,,,,,,1,,1,,,,,
植物,ウラシマソウ,,,,,,,,,,1,,,,,,,
植物,ウラジロ,,,,,,,,,,,,,,,,,1
植物,ウラジロアカザ,,,1,,,,,,,,,,,,,,
植物,ウラジロウツギ,,,,,,,,,,1,,,,,,,
植物,ウラジロガシ,,,,,,,,,,1,,,,,,,
植物,ウラジロチチコグサ,,,,,,,,,,,,,,,,1,
植物,ウラジロノキ,,,,,,,,,,1,,,,,,,
植物,ウラジロフサザクラ,,,,,,,,,,1,1,,,,,,
植物,ウラジロマタタビ,,,,,,,,,,1,,,,,,,
植物,ウラジロマルバマンサク,,,,,,,,,,,,1,,,,,
植物,ウラジロモミ,,,,,,,,,,,1,1,,,,,
植物,ウラハグサ,,,,,,,,,,,,,,,,1,
植物,ウリカエデ,,,,,,,,,,1,,,,,,,
植物,ウリカワ,,,,,,,,,1,,,,,,1,,
植物,ウリクサ,,,,,,,,,1,,,,,,1,,
植物,ウリノキ,,,,,,,,,,1,,,,,,,
植物,ウリハダカエデ,,,,,,,,,,1,,,,,,,
植物,ウルシ,,,,,,,,,,1,,,,,,,
植物,ウワバミソウ,,,,,,1,,,,1,,,,,,,
植物,ウワミズザクラ,,,,,,,,,,1,,,,,,,
植物,ウンリュウヤナギ,,,,,,,,,,,,1,,,,,
植物,エイザンスミレ,,,,,,,,,,1,,,,,,,
植物,エゴノキ,,,,,,,,,,1,,,,,,,
植物,エゴマ,,,,,,,,,,,1,,,,,,
植物,エゾアジサイ,,,,,,,,,,,1,,,,,,
植物,エゾイタヤ,,,,,,,,,,1,,,,,,,
植物,エゾイボタ,,,,,,,,,,,,,1,,,,
植物,エゾエノキ,,,,,,,,,,1,,1,,,,,
植物,エゾオヤマリンドウ,,,,,,,,,,1,,,,,,,
植物,エゾタチカタバミ,,,,,,,,,,,1,,,,,,
植物,エゾツリバナ,,,,,,,,,,1,,,,,,,
植物,エゾノカワラマツバ,1,1,1,,,,,,,,,,,,,,
植物,エゾノギシギシ,,,,,,,,,,,,,,,,1,
植物,エゾノサヤヌカグサ,,,,,1,1,,,,,1,,,,,,
植物,エゾヤマザクラ,,,,,,,,,,,1,,,,,,
植物,エゾユズリハ,,,,,,,,,,1,1,,,,,,
植物,エゾリンドウ,,,,,,,,,,,1,,,,,,
植物,エダウチスズメノトウガラシ,,,,,,,1,,,,,,,,,,
植物,エダウチチゴユリ,,,,,,,,,,1,1,,,,,,
植物,エダウチチチコグサ,,,,,,,,,,,1,,,,,,
植物,エダウチネズミムギ,,,,,,,,,,,1,,,,,,
植物,エチゴキジムシロ,,,,,,,,,,,1,,,1,,,
植物,エチゴザサ,,,,,,,,,,1,,,,,,,
植物,エチゴツルキジムシロ,,,,,,,,,,1,,,,,,,
植物,エチゼンアザミ,,,,,,,,,,,1,,,,,,
植物,エドヒガン,,,,,,,,,,,,1,,,,,
植物,エナシヒゴクサ,,,,,,1,,,,,1,,,,,,
植物,エニシダ,,,,,,,,,,,,1,,,,,
植物,エノキ,,,1,,,,,,,1,,,,,,,
植物,エノキグサ,,,,,,,,,,,,,,,,1,
植物,エノコログサ,,,,,,,,,,,1,1,,,,,
植物,エビガライチゴ,,,,,,,,,,,1,,,,,,
植物,エビスグサ,,,,,,,,,,,1,,,,,,
植物,エビヅル,,,,,,,,,,1,,,,,,,
植物,エビモ,,,,1,1,1,,,,,,,,,,,
植物,エンコウカエデ,,,,,,,,,,1,,,,,,,
植物,エンレイソウ,,,,,,,,,,1,,,,,,,
植物,オウギカズラ,,,,,,,,,,,,,1,,,,
植物,オウシュウマンネングサ,,,,,,,,,,,,,,,1,1,
植物,オウレン,,,,,,,,,,1,,,1,,,,
植物,オウレンシダ,,,,,,,,,,1,,,,,,,
植物,オオアオスゲ,,,,,,,,,,,1,,,,,1,
植物,オオアキノキリンソウ,,,,,,,,,,1,1,,,,,,
植物,オオアリドオシ,,,1,,,,,,,1,,,,,,,
植物,オオアレチギク,,,,,,,,,,,1,,,1,,,
植物,オオアレチノギク,,,,,,,,,,,,,,,,1,
植物,オオアワガエリ,,1,,,,,,,1,,,,,,,1,
植物,オオアワダチソウ,,1,,,,,,,,,,,,,,1,
植物,オオイタチシダ,,,,,,,,,,1,,,,,,,
植物,オオイタビ,,,1,,,,,,,,,,,,,,
植物,オオイチゴツナギ,,,,,,,,,,,1,,,,,1,
植物,オオイトスゲ,,,,,,,,,,,,,,,,1,
植物,オオイヌタデ,,,,,,,,,,,,,,,1,1,
植物,オオイヌノフグリ,,,,,,,,,1,,,,,,,1,
植物,オオイヌホオズキ,,1,,,,,,,1,1,,,,,,,
植物,オオイワカガミ,,,,,,,,,,,,,1,,,,
植物,オオウシノケグサ,,,,,,,,,,,1,,,,1,1,
植物,オオウバユリ,,,,,,,,,,1,1,,,,,,
植物,オオウラジロノキ,,,,,,,,,,1,,,,,,,
植物,オオエノコロ,,,,,,,,,1,,,,,,,1,
植物,オオオナモミ,,1,1,,,,,,1,,1,,,1,,1,
植物,オオカナダモ,,1,1,1,1,1,,,,,,,,,,,
植物,オオカナワラビ,1,,,,,,,,,1,,,,,,,
植物,オオカニコウモリ,,,,,,,,,,1,,,,,,,
植物,オオカニツリ,,,,,,,,,,1,1,,,,,,
植物,オオカメノキ,,,,,,,,,,1,,,,,,,
植物,オオカモメヅル,,,,,,,,,,1,,,,,,,
植物,オオカワジサ,,1,1,1,,1,1,,,,,,,,,,
植物,オオカワヂシャ,,1,1,1,,1,1,,,,,,,,,,
植物,オオキジノオ,1,,,,,,,,,,,,,,,,
植物,オオキツネノカミソリ,,,,,,,,,,,1,,,,,,
植物,オオキツネヤナギ,,,,,,,,,,,1,,,,,,
植物,オオキヌタソウ,,,,,,,,,,1,,,,,,,
植物,オオキバナカタバミ,,,,,,,,,,,,1,,,,1,
植物,オオキヨスミシダ,,,,,,,,,,1,,,,,,,
植物,オオキヨズミシダ,,,,,,,,,,1,,,,,,,
植物,オオキンケイギク,,1,1,,1,,,,1,,,,,,,1,
植物,オオクサキビ,,,,,,,,,,,1,,,,,1,
植物,オオクジャクシダ,,,,,,,,,,1,,,,,,,
植物,オオクマヤナギ,,,,,,,,,,1,,,,,,,
植物,オオケタデ,,1,1,1,1,1,1,,1,,,1,,,,,
植物,オオコガネネコノメソウ,,,,,,,,,,1,,,,,,,
植物,オオコメツツジ,,,,,,1,,,,1,,,,,,,
植物,オオサトメシダ,1,,,,1,1,1,,,,,,,,,,
植物,オオサワハコベ,,,,,,1,,,,1,,,,,,,
植物,オオサンショウソウ,,,,,,1,,,,1,,,,,,,
植物,オオシマザクラ,,,,,,,,,,1,,,,,,,
植物,オオシロガヤツリ,,,,,,1,,,,,,,,,,,
植物,オオジシバリ,,,,,,,1,,,,,,,,,1,
植物,オオスズメノカタビラ,,,,,,,1,,1,,,,,,,1,
植物,オオスズメノテッポウ,,,,,,,1,,,,1,,,,,,
植物,オオズミ,,,,,,,,,,1,,,,,,,
植物,オオセンナリ,,,,,,,,,1,,,,,,,1,
植物,オオタチツボスミレ,,,,,,,,,,1,1,,,,,,
植物,オオタチヤナギ,,1,1,,,,,,,,,,,,,,
植物,オオダイコンソウ,,,,,,,,,,1,1,,,,,,
植物,オオチドメ,,,,,,,,,,1,1,,,,,,
植物,オオチャルメルソウ,1,,,,,,,,,1,,,,,,,
植物,オオヂシバリ,,,,,,,1,,,,,,,,,,
植物,オオツクバネウツギ,,,,,,,,,,1,1,,,,,,
植物,オオツメクサ,,,,,,,,,,,,,,,,1,
植物,オオツルウメモドキ,,,,,,,,,,,1,,,,,,
植物,オオナギナタガヤ,,1,1,,,,,,,,1,,,,1,,
植物,オオナルコユリ,,,,,,,,,,1,,,,,,,
植物,オオニシキソウ,,,,,,,,,,,,,,,,,1
植物,オオニワゼキショウ,,,,,,,,,,,,,,,,1,
植物,オオニワトコ,,,,,,,,,,1,,,,,,,
植物,オオニワホコリ,,,,,,,,,,,,,,,,1,
植物,オオネコヤナギ,,1,1,,1,,,,,,,,,,,,
植物,オオネズミガヤ,,,,,,,,,,,1,,,,,1,
植物,オオネバリタデ,,,,,,,,,,,1,,,,,1,
植物,オオハシカグサ,,,,,,,,,,1,,,,,,1,
植物,オオハナウド,1,,,,,1,,,,,,,1,,,,
植物,オオハナヒリノキ,,,,,,,,,,1,,,,,,,
植物,オオハナワラビ,,,,,,,,,,1,,,,,,,
植物,オオハリイ,,,,,,1,,,,,,,,,,,
植物,オオハルタデ,,,,,,,1,,1,,1,,,,,1,
植物,オオハンゲ,,,,,,,,,1,,,,,,,,
植物,オオハンゴンソウ,,1,1,,,1,,,1,,,,,,,1,
植物,オオバアサガラ,1,,,,,,,,,1,,,,,,,
植物,オオバアメリカアサガオ,,1,1,,,,,,,,,,,,,1,
植物,オオバイボタ,,,1,,,,,,,,,,,,,,
植物,オオバウマノスズクサ,,,,,,,,,,,1,,,,,,
植物,オオバキハダ,,,,,,,,,,1,,,,,,,
植物,オオバギボウシ,,,,,,,,,,,1,,,,,,
植物,オオバクサフジ,,,,,,,,,,,1,,,,,,
植物,オオバクロモジ,,,,,,,,,,1,,,,,,,
植物,オオバコ,1,1,1,1,1,1,1,,1,1,1,1,1,1,,1,
植物,オオバショリマ,,,,,,,,,,,1,,,,,,
植物,オオバジャノヒゲ,,,,,,,,,,1,,,,,,,
植物,オオバスノキ,,,,,,,,,,1,1,,,,,,
植物,オオバタネツケバナ,1,,,,,,,,,,,,,,,,
植物,オオバタンキリマメ,,,,,,,,,,,1,,,,,,
植物,オオバチドメ,,,,,,1,,,,1,,,,,,,
植物,オオバナコマツヨイグサ,,,1,,,1,1,,1,,,,,,1,1,
植物,オオバナニガナ,,,,,,1,1,,,,1,,,,,1,
植物,オオバナミズキンバイ,,1,1,1,,1,,,,,,,,,,,
植物,オオバニワトコ,,,,,,,,,,,1,,,,,,
植物,オオバヌスビトハギ,,1,1,,,,,,1,,1,1,,,,,
植物,オオバノアマクサシダ,,,,,,,,,,1,,,,,,,
植物,オオバノイノモトソウ,,,,,,,,,,1,,,,,,,
植物,オオバノキハダ,,,,,,,,,,1,,,,,,,
植物,オオバノトンボソウ,,,,,,,,,,1,,,,,,,
植物,オオバノハチジョウシダ,,,,,,1,,,,1,,,,,,,
植物,オオバノヤエムグラ,,,,,,,,,,,1,,,,,,
植物,オオバメドハギ,,,,,,,,,,,,,,,,,
植物,オオバヤシャゼンマイ,,,,,,,,,,1,,,,,,,
植物,オオバヤシャブシ,,,1,,,,,,,,,,,,,,1
植物,オオバヤナギ,,,,,,,,,,1,,,,,,,
植物,オオバヤマハッカ,,,,,,,,,,1,,,,,,,
植物,オオバライチゴ,,,,,,,,,,,1,,,,,,
植物,オオヒゲカリヤスモドキ,,,,,,,,,,1,,,,,,,
植物,オオヒゲナガカリヤスモドキ,,,,,,,,,,,1,,,,,,
植物,オオヒナノウスツボ,,,,,,,,,,,1,,,,,,
植物,オオヒメワラビ,,,,,,,,,,1,,,,,,,
植物,オオヒメワラビモドキ,,,,,,1,,,,1,,,,,,,
植物,オオヒヨドリバナ,,,,,,,,,,,,,,,,,
植物,オオヒヨドリバナ（ヒヨドリバナ倍数体）,,,,,,,,,,,,,,,,,
植物,オオフサモ,,1,1,,,1,,,,,,,,,,,
植物,オオフタバムグラ,,,1,,,,,,,,,,,,1,,
植物,オオフユイチゴ,,,,,,,,,,1,,,,,,,
植物,オオブタクサ,,,,,,,,,,,,,,,,,
植物,オオヘビイチゴ,,,,,,,,,,,1,,,,1,,
植物,オオベニシダ,,,,,,,,,,1,,,,,,,
植物,オオホウキギク,,,,,,,,,,,,,,,,,1
植物,オオマツバウンラン,,,,,,,,,,,,,,,,,1
植物,オオマツヨイグサ,,,1,,,1,,,,,,,,,,,
植物,オオマルバノホロシ,,1,1,,,1,,,,,,,,,,,
植物,オオミゾソバ,,,,,,,,,,,,,,,,,1
植物,オオミヤマガマズミ,,,,,,,,,,1,,,,,,,
植物,オオムラサキ,,,,,,,,,,,1,1,,,,,
植物,オオムラサキシキブ,,,,,,,,,,,,1,,,,,
植物,オオムラサキツユクサ,,,,,,,,,,,,,,,,1,
植物,オオモミジ,,,,,,,,,,,,,1,,,,
植物,オオヤハズエンドウ,,,,,,,,,,,,,,,,1,
植物,オオヤマザクラ,,,,,,,,,,,,1,,,,,
植物,オオヤマハコベ,,,,,,,,,,,1,1,,,,,
植物,オオヤマフスマ,,,,,,,,,,,,,,,,1,
植物,オオユウガギク,,,,,,1,1,,1,,,,,,,,
植物,オオヨモギ,,,,,,,,,,,,,,,,1,
植物,オオルリソウ,,,,,,,,,,,1,,,,1,,
植物,オオレンシダ(オウレンシダ？）,,,,,,,,,,1,,,,,,,
植物,オカウコギ,,,,,,,,,,1,1,,,,,,
植物,オカスズメノヒエ,,,,,,,,,,,1,,,,,,
植物,オカスミレ,,,,,,,,,,,1,1,,,,,
植物,オカタイトゴメ,,,1,,,,,,,,,,,,,1,
植物,オカタツナミソウ,,,,,,,,,,1,1,,,,,,
植物,オカダイコン,,,,1,,1,,,,1,,,,,,,
植物,オカトラノオ,,,,,,,,,,,1,,,,,,
植物,オカヒジキ,,,,,,,,,,,1,1,,,,,
植物,オカメザサ,,,,,,,,,,,1,1,,,,,
植物,オガタマノキ,,,1,,,,,,,1,,,,,,,
植物,オガルカヤ,,,,,,,,,,1,,,,,,,
植物,オキジムシロ,,,,,,,,,,,1,,,,1,,
植物,オギ,,,,1,1,1,1,,,,,,,,,,
植物,オギノツメ,,,,1,1,1,,,,,,,,,,,
植物,オククルマムグラ,,,,,,,,,,,,,,,,,1
植物,オクタマゼンマイ,,,,,,,,,,,,,1,,,,
植物,オクノカンスゲ,,,,,,,,,,1,,,1,,,,
植物,オクマワラビ,,,,,,,,,,1,,,,,,,
植物,オクモミジハグマ,,,,,,,,,,1,,,,,,,
植物,オクヤマザサ,,,,,,,,,,1,,,,,,,
植物,オグルマ,,,1,,1,1,1,,,,,,,,,,
植物,オケラ,,,,,,,,,,1,,,,,,,
植物,オサシダ,,,,,,,,,,1,,,,,,,
植物,オシダ,,,,,,,,,,1,,,,,,,
植物,オシャグジデンダ,,,,,,,,,,1,1,1,,,,,
植物,オシロイバナ,,,,,,,,,,,1,1,,,,,
植物,オゼニガナ,,,,,,,,,,,1,,,,,,
植物,オタカラコウ,,,,,,,,,,1,,,,,,,
植物,オタルスゲ,1,1,,1,,1,,,,,,,,,,,
植物,オッタチカタバミ,,,,,,,,,,,,,,,,1,1
植物,オトギリソウ,,,,,,,,,,1,,,,,,,
植物,オトコエシ,,,,,,,,,,1,,,,,,,
植物,オトコブドウ,,,,,,,,,,1,,,,,,,
植物,オトコヨウゾメ,,,,,,,,,,1,1,,,,,,
植物,オトコヨモギ,,,,,,,,,,,,,,,,,1
植物,オトメザクラ,,,,,,,,,,,,1,,,,,
植物,オドリコソウ,,,,,,,,,,,,,,,,1,
植物,オニイタヤ,,1,1,,,1,1,,,,,,,,,,
植物,オニウコギ,,,,,,,,,,1,1,,,,,,
植物,オニウシノケグサ,,,,,,,,,,,,,,,,1,
植物,オニオオノアザミ,,,,,,,,,,,1,,,,,,
植物,オニカナワラビ,,,,,,,,,,1,,,,,,,
植物,オニガヤツリ,,,,,,,,,,,,,,,,,
植物,オニグルミ,,,,,1,1,1,,1,,,,,,,,
植物,オニゲシ,,1,1,,,,,,,,,,,,,,
植物,オニコウガイゼキショウ,,1,1,,1,1,1,,,,,,,,,,
植物,オニシバ,,,,,,,,,,,,,,,1,,
植物,オニシモツケ,,,,,,,,,,,,,1,,,,
植物,オニスゲ,,,,,,1,1,,,,,,,,,,
植物,オニタビラコ,,,,,,,,,,,,,,,,,
植物,オニタビラコ（広義）,,,,,,,,,,,,,,,,,
植物,オニツルウメモドキ,,,,,,,,,,1,,,,,,,
植物,オニトウゲシバ,,,,,,1,,,,1,,,,,,,
植物,オニドコロ,,1,,,,,,,,,,,,,,,
植物,オニノゲシ,,,,,,,,,,,,,,,,1,
植物,オニヒカゲワラビ,,,,,,,,,,1,1,,,,,,
植物,オニビシ,,,,1,,1,,,,,,,,,,,
植物,オニヘビイチゴ,,,,,,,,,,,,,,,,1,
植物,オニマタタビ,,,,,,,,,,,,,,,,,
植物,オニマツヨイグサ,,,,,,,,,,,1,,,,,,
植物,オニヤブソテツ,,,1,,,,,,,,,,,,,,
植物,オニヤブマオ,,,1,,,,,,,,,,,,,,
植物,オニユリ,,,,,,,,,,1,1,1,,,,,
植物,オニルリソウ,,,,,,,,,,,1,,,,,,
植物,オノエヤナギ,1,1,,1,,1,,,,,,,,,,,
植物,オノマンネングサ,,,,,,,,,,1,1,,,,,,
植物,オハラメアザミ,,,,,,,,,,1,,,1,,,,
植物,オヒゲシバ,,,,,,,,,,,,,,,,1,
植物,オヒシバ,,,,,,,,,1,,1,,,,,1,
植物,オヒョウ,,,,,,,,,,1,,,1,,,,
植物,オヘビイチゴ,,,,,,,1,,1,,,,,,,,
植物,オミナエシ,,,,,,,,,,,1,,,,,,
植物,オモダカ,,,,1,,1,1,,,,,,,,,,
植物,オモト,,,,,,,,,,,,1,,,,,
植物,オヤブジラミ,,,,,,,,,,,,,,,,,1
植物,オヤマボクチ,,,,,,,,,,,,1,1,,,,
植物,オランダイチゴ,,,,,,,,,,,,1,,,,,
植物,オランダガラシ,,,,,,,,,,,,,,,,,1
植物,オランダキジカクシ,,,,,,,,,,,1,1,,,,,
植物,オランダハッカ,,,,,,,,,,,,,,,,1,
植物,オランダフウロ,,,,,,,,,,,,1,,,,,1
植物,オランダミツバ,,,,,,,,,,,,1,,,,,
植物,オランダミミナグサ,,,,,,,,,1,1,1,1,,,,,
植物,オロシャギク,,,1,,,,,,,,,,,,,1,
植物,カイザイク,,,,,,,,,,,1,1,,,,,
植物,カイヅカイブキ,,,,,,,,,,,,1,,,,,
植物,カエデダイモンジソウ,,,,,,,,,,1,1,1,,,,,
植物,カエデドコロ,,,,,,,,,,1,,,,,,,
植物,カガノアザミ,,,,,,,,,,1,,,1,,,,
植物,カキツバタ,,,,,,1,1,,,,,,,,,,
植物,カキドオシ,,,,,,,,,,,,,,,,1,
植物,カキネガラシ,,,,,,,,,,,,,,,,1,
植物,カキノキ,,,,,,,,,,,,1,,,,,1
植物,カキラン,,,,,1,1,1,,,,,,,,,,
植物,カギカズラ,1,1,1,,,,,,,1,,,,,,,
植物,カクトラノオ,,,,,,,,,,,1,1,,,,,
植物,カクミノスノキ,,,,,,,,,,1,,,,,,,
植物,カクレミノ,,,,,,1,,,,1,,,,,,,
植物,カゴノキ,,,,,,,,,,1,,,,,,,
植物,カサスゲ,,,,,,1,1,,,,,,,,,,
植物,カシワ,,,1,,,,,,,,,,,,,,1
植物,カシワバハグマ,,,,,,,,,,,1,,,,,,
植物,カジイチゴ,,,1,,,,,,,,,,,,,,
植物,カジノキ,,,,,,,,,,1,,1,,,,,
植物,カスマグサ,,,,,,,,,,,1,,,,,1,
植物,カスミザクラ,,,,,,,,,,1,,,,,,,
植物,カズノコグサ,,,,,1,1,1,,,,,,,,,,
植物,カゼクサ,,,,,,,,,,,,,,,,1,
植物,カタイノデ,,,,,,,,,,1,,,,,,,
植物,カタクリ,,,,,,,,,,,1,,,,,,
植物,カタバエノコログサ,,,,,,,,,,,1,,,,,,
植物,カタバミ,,,,,,,,,,,,,,,,1,
植物,カタヒバ,,,,,,,,,,1,,,,,,,1
植物,カタボウシノケグサ,,,,,,,,,,,1,,,,,,
植物,カッコウアザミ,,,,,,,,,,,1,1,,,,,
植物,カツラ,,,,,,,,,,,1,1,,,,,
植物,カテンソウ,,,,,,,,,,1,,,,,,,
植物,カナクギノキ,,,,,,,,,,,,,1,,,,
植物,カナビキソウ,,,,,,,,,,,1,,,,,,
植物,カナムグラ,,,,,,,,,,,,,,,,1,1
植物,カナメモチ,,,1,,,,,,,,,,1,,,,
植物,カナリークサヨシ,,,1,,,,,,,,,,,,,1,
植物,カナワラビ,,,,,,,,,,1,,,,,,,
植物,カニクサ,,,,,,,,,,,,,,,,,1
植物,カニツリグサ,,,1,,,,,,,,,,,,,,
植物,カノコソウ,,,,,1,1,1,,,,,,,,,,
植物,カノツメソウ,,,,,,,,,,1,1,,,,,,
植物,カボチャ,,,,,,,1,,,,,,,,,,
植物,カマツカ,,,,,,,,,,1,,,,,,,
植物,カミガヤツリ,,,,,,,,,,,,1,,,,,
植物,カミツレ,,,,,,,,,,,1,1,,,,,
植物,カモガヤ,,,,,,,,,,,1,1,,,,,
植物,カモジグサ,,,,,,,,,,,1,,,,,1,
植物,カモノハシ,,,,,,,,,,,,,,,1,,
植物,カヤ,,,,,,,,,,1,,,,,,,
植物,カヤツリグサ,,,,,,,,,,,,,,,,1,
植物,カヤツリグサ科,,,,,,,,,,,,,,,,,
植物,カヤラン,,,,,,,,,,1,,1,,,,,
植物,カラクサイヌワラビ,,,,,,,,,,1,,,,,,,
植物,カラクサケマン,,,,,,,,,,,,,,,,,
植物,カラクサシダ,,,,,,,,,,1,1,,1,,,,
植物,カラクサシュンギク,,,,,,,,,,,,1,,,,,
植物,カラクサナズナ,,,,,,,,,,,,,,,,,1
植物,カラコギカエデ,,,,,,,,,,,,1,,,,,
植物,カラシナ,,,,,,,,,,,,,,,,,1
植物,カラスウリ,,,,,,,,,,1,1,,1,,,,
植物,カラスザンショウ,,,,,,,,,,,1,,,,,,
植物,カラスノエンドウ,,,,,,,,,,,,,,,,,1
植物,カラスノゴマ,,,,,,,,,,,,,,,,1,
植物,カラスノチャヒキ,,,,,,,,,,,,,,,,1,
植物,カラスビシャク,,,,,,,,,1,,,,,,,,
植物,カラスムギ,,,,,,,,,,,,,,,,1,1
植物,カラタチ,,,,,,,,,,1,,1,,,,,
植物,カラタチバナ,,,,,,,,,,1,,,,,,,
植物,カラマツ,,,,,,,,,,1,,,,,,,
植物,カラマツソウ,,,,,,,,,,,,,1,,,,
植物,カラムシ,,,,,,,,,,,,,,,,1,
植物,カラメドハギ,,,,,,,,,,,1,,,,,,
植物,カリガネソウ,,,,,,,,,,1,,,,,,,
植物,カリマタガヤ,,,,1,,1,,,,,,,1,,,,
植物,カリヤス,,,,,,,,,,1,,,,,,,
植物,カリヤスモドキ,,,,,,,,,,1,1,,,,,,
植物,カリン,,,,,,,,,,1,,1,,,,,
植物,カロリナアオイゴケ,,,,,,,,,,,,,,,,1,
植物,カワジサ（カワジシャ？）,,,,,,,,,,,,,,,,,
植物,カワズスゲ,,,,,,,,,,,,,1,,,,
植物,カワヂシャ,,,,,,,1,,1,,,,,,,,
植物,カワミドリ,,,,,,,,,,1,,,,,,,
植物,カワヤナギ,,,,,,,,,,,1,,,,,,
植物,カワラケツメイ,,,,,,,,,,,,,,,,1,
植物,カワラスガナ,,,,,,1,1,,,,,,,,,,
植物,カワラスゲ,,,,,,,,,,,1,,,,,,
植物,カワラナデシコ,,,1,,,1,,,,,1,,,,,,
植物,カワラニンジン,,,,,,,,,,,,,,,1,,1
植物,カワラハハコ,,1,1,,,,,,,,1,,,,,,
植物,カワラハンノキ,,,,,,,,,,1,1,,,,,,
植物,カワラマツバ,,,,,,,,,,,,,,,1,,
植物,カワラヨモギ,,1,1,,,,,,,,,,,,,,
植物,カンアオイ属の一種,,,,,,,,,,,,,,,,,
植物,カンエンガヤツリ,,,,,,,,,,,,,,,,,
植物,カンガレイ,1,1,1,,,,,,,,1,,,,,,
植物,カンコノキ,,,,,,,,,,1,1,,,,,,
植物,カンサイスノキ,,,,,,,,,,1,,,,,,,
植物,カンサイタンポポ,,,,,,,1,,1,,1,1,,,,1,
植物,カンザシイヌホオズキ,,,,,,,,,,,,,,,,,1
植物,カンザブロウノキ,,,,,,,,,,1,,,,,,,
植物,カンスゲ,,,,,,,,,,1,,,,,,,
植物,カントウマムシグサ,,,,,,,,,,1,1,,,,,,
植物,カントウマユミ,,,,,,,,,,1,1,,,,,,
植物,カンボク,,,,,,,,,,1,1,,,,,,
植物,カンポウフウ,,,,,,,,,,,,1,,,,1,
植物,ガガイモ,,,,,,,,,,,1,,,,1,,
植物,ガクアジサイ,,,,,,,,,,1,1,,,,,,
植物,ガクウツギ,,,,,,,,,,1,1,,,,,,
植物,ガマ,,1,1,1,1,1,1,,,,,,,,,,
植物,ガマズミ,,,,,,,,,,1,,,,,,,
植物,ガンクビソウ,,,,,,,,,,1,1,,,,,,
植物,ガンピ,,,,,,,,,,,,,,,1,,
植物,キウイフルーツ,,,,,,,,,,,,,,,,,1
植物,キカシグサ,,,,,,1,1,,,,,,,,,,
植物,キカラスウリ,,,,,,,,,,1,1,,,,,,
植物,キガンピ,,,,,,,,,,1,,,,,,,
植物,キキョウソウ,,,,,,,,,,,1,,,,,1,
植物,キクイモ,,,,,,,,,,,,,,,,,1
植物,キクザキイチゲ,,,,,,,,,,1,,,,,,,
植物,キクザキイチリンソウ,,,,,,,,,,1,,,1,,,,
植物,キクザキリュウキンカ,,,1,,,,,,,,1,,,,,,
植物,キクノハアオイ,,,,,,,,,,,1,,,,,1,
植物,キクバエビヅル,,,,,,,,,,1,1,,,,,,
植物,キクバオウレン,,,,,,,,,,1,,,,,,,
植物,キクバキイチゴ,,,,,,,,,,1,,,,,,,
植物,キクバヂシバリ,1,,,,,,,,,,,,,,,,
植物,キクバドコロ,,,,,,,,,,1,,,,,,,
植物,キクバヒヨドリ,,,,,,,,,,,1,,,,,1,
植物,キクバヤマボクチ,,,,,,,,,,1,1,,,,,,
植物,キクムグラ,,,,,,,,,,1,1,,,,,,
植物,キクモ,,,,,,1,1,,,,,,,,,,
植物,キク科,,1,1,,,,1,,1,1,1,,1,,,,
植物,キケマン,,,,,,,,,,,,,,,,1,
植物,キケンショウマ,,,,,,,,,,1,,,,,,,
植物,キササゲ,,,,,,,,,,,,,,,,,1
植物,キシダマムシグサ,,,,,,,,,,1,,,,,,,
植物,キシュウスズメノヒエ,,,,1,,1,1,,,,,,,,,,
植物,キショウブ,,1,1,1,1,1,,,,1,1,,,,,,
植物,キジカクシ,,,,,,,,,,,1,,,,,,
植物,キジノオシダ,,,,,,,,,,1,,,,,,,
植物,キジムシロ,,,,,,,,,,,1,,,,,,
植物,キジョラン,,,,,,,,,,1,,,,,,,
植物,キズイセン,,,,,,,,,,,,,,,,,1
植物,キセルアザミ,,,,,,1,,,,,,,,,,,
植物,キゾメカミツレ,,1,1,,1,,,,,,,,,,,,
植物,キタコブシ,,,,,,,,,,1,,,,,,,
植物,キタゴヨウ,,,,,,,,,,1,,,,,,,
植物,キタササガヤ,,,,,,,,,,,,,1,,,,
植物,キダチコマツナギ,,,,,,,,,,,,,,,,,1
植物,キダチコンギク,,,,,,,,,,,,,,,,,1
植物,キチジョウソウ,,,,,,,,,,1,,,,,,,
植物,キッコウハグマ,,,,,,,,,,1,,,,,,,
植物,キツネアザミ,,,,,,,1,,1,,1,,,,,1,
植物,キツネガヤ,,,,,,,,,,,1,,,,,,
植物,キツネノカミソリ,,,,,,,,,,1,1,,,,,,
植物,キツネノボタン,,,,,1,1,1,,,,,,,,,1,
植物,キツネノマゴ,,,,,,,,,,1,1,,,,,1,
植物,キツリフネ,1,,,,,,,,,1,,,,,,,
植物,キツリフネソウ,1,,,,,,,,,1,,,,,,,
植物,キヅタ,,,,,,,,,,1,1,,,,,,
植物,キヌイトツメクサ,,,,,,,,,,,1,,,,,1,
植物,キヌガサギク,,,,,,,,,,,1,,,,,1,
植物,キヌゲチチコグサ,,,,,,,,,,1,1,,,,,,
植物,キヌタソウ,,,,,,,,,,1,1,,,,,,
植物,キヌヤナギ,,1,1,,,,,,,,,,,,,,
植物,キノクニベニシダ,,,,,,,,,,1,1,,,,,,
植物,キハギ,,,,,,,,,,1,1,,,,,,
植物,キハダ,,,,,,,,,,1,,,,,,,
植物,キバナイカリソウ,,,,,,,,,,1,,,,,,,
植物,キバナオドリコソウ,,,,,,,,,,1,1,,,,,,
植物,キバナカワラマツバ,,,,,,,,,,,1,,,,,,
植物,キバナコスモス,,,,,,,,,,,,,,,,,1
植物,キバナノマツバニンジン,,,,,,,,,,,,,,,,,1
植物,キバナノヤマオダマキ,,,,,,,,,,1,1,,,,,,
植物,キブシ,,,,,,,,,,1,1,,,,,1,
植物,キボウシノ,,,,,,,,,,1,,,,,,,
植物,キミガヨラン,,,,,,,,,,,,,,,,,1
植物,キミズ,,,,,,,,,,1,,,,,,,
植物,キュウリグサ,,,,,,,,,,,,,,,,1,
植物,キョウチクトウ,,,,,,,,,,1,,,,,,,
植物,キヨスミイノデ,,1,1,,,,,,,,,,,,,,
植物,キヨスミギボウシ,,,,,,,,,,1,1,,,,,,
植物,キヨスミヒメワラビ,,,,,,,,,,1,,,,,,,
植物,キヨタキシダ,,,,,,,,,,1,,,,,,,
植物,キランソウ,,,,,,,,,,,1,,,,,1,
植物,キランニシキゴロモ,,,,,,,,,,1,1,,,,,1,
植物,キリ,,,,,,,,,,1,,1,,,,,
植物,キリンソウ,,,,,,,,,,1,1,,,,,,
植物,キレハイヌガラシ,,1,1,,,,,,1,,,,,,,1,
植物,キレハノブドウ,,,,,,,,,,1,1,,,,,,
植物,キレハハリギリ,,,,,,,,,,1,,,,,,,
植物,キレハマメグンバイナズナ,,,1,,,,,,,,,,,,1,1,
植物,キレバノブドウ,,,,,,,,,,1,1,,,,,,
植物,キレンソウ,,,,,,,,,,1,,,,,,,
植物,キンエノコロ,,,,,,,,,1,,,,,,,1,
植物,キンガヤツリ,,,,1,,1,1,,,,,,,,,,
植物,キンキカサスゲ,1,1,,,,,,,,1,,,,,,,
植物,キンキマメザクラ,,,,,,,,,,1,,,,,,,
植物,キンキヤママメザクラ,,,,,,,,,,1,,,,,,,
植物,キンギョソウ,,,,,,,,,,,,,,,,,1
植物,キンケイギク,,1,1,,1,,,,,,,,,,,,
植物,キンコウカ,,,,,,1,,,,,,,1,,,,
植物,キンゴジカ,,,,,,,,,,,1,,,,1,1,
植物,キンシバイ,,,,,,,,,,,,,,,,,1
植物,キンミズヒキ,,,,,,,,,,1,,,,,,,
植物,キンモクセイ,,,,,,,,,,,,1,,,,,
植物,キンラン,,,,,,,,,,1,,,,,,,
植物,ギシギシ,,,,,,,1,,1,,,,,,,1,
植物,ギフベニシダ,,,,,,,,,,1,,,,,,1,
植物,ギボウシ属の一種,,,,,,1,,,,,,,,,,,
植物,ギョウギシバ,,,,,,,,,,,1,,,,1,1,
植物,ギンモクセイ,,,,,,,,,,,,,,,,,1
植物,ギンヨウアカシア,,,,,,,,,,,,,,,,,1
植物,ギンリョウソウ,,,,,,,,,,1,,,,,,,
植物,ギンレイカ,,,,,,,,,,1,,,,,,,
植物,クグ,,,,,,,,,,,1,,,,,,
植物,クグガヤツリ,,,,,,,,,,,1,,,,,1,
植物,クグテンツキ,,,,,,,1,,,,1,,,,,,
植物,クコ,,,,,1,,,,,,1,,,,,,
植物,クサアジサイ,,,,,,,,,,1,,,,,,,
植物,クサイ,,,,,,,,,,1,1,,,,,1,
植物,クサイチゴ,,,,,,,,,,1,1,,,,,,
植物,クサギ,,,,,,,,,,1,1,,,,,,
植物,クサコアカソ,,,,,,,,,,1,1,,,,,1,
植物,クサスゲ,,,,,,,,,,1,1,,,,,,
植物,クサソテツ,,1,1,,,1,,,,,,,,,,,
植物,クサネム,,1,1,,,,1,,,,,,,,,,
植物,クサノオ,,,,,,,,,,1,1,,,,,,
植物,クサノオウ,,,,,,,,,,1,1,,,,,,
植物,クサフジ,,,,,,,,,,,1,,,,,,
植物,クサフヨウ,,,,,,,,,,,,,,,,,1
植物,クサボケ,,1,1,,1,,,,,,,,,,,,
植物,クサボタン,,,,,,,,,,1,1,,,,,,
植物,クサマオ,,,,,,,,,,1,1,,,,,1,
植物,クサムネ,,1,1,,,1,1,,,,,,,,,,
植物,クサヤツデ,,,,,,,,,,1,,,,,,,
植物,クサヨシ,,,,,,1,1,,,,1,,,,,1,
植物,クジャクシダ,,,,,,,,,,1,1,,,,,,
植物,クジャクフモトシダ,,,,,,,,,,1,,,,,,,
植物,クスダマツメクサ,,1,1,,,,,,,,,1,,,,,
植物,クスノキ,,,,,,,,,,1,,,,,,,
植物,クズ,,,,,,,,,,1,1,,,,,,
植物,クソニンジン,,,,,,,,,,,,1,,,,1,
植物,クチナシ,,,,,,,,,,1,,,,,,,
植物,クチナシグサ,,,,,,,,,1,,1,,,,1,1,
植物,クヌギ,,,,,,,,,,1,,,,,,,
植物,クマイザサ,,,,,,,,,,1,,,,,,,
植物,クマイチゴ,,,,,,,,,,1,1,,,,1,,
植物,クマザサ,,,,,,,,,,1,,,,,,,
植物,クマシデ,,,,,,,,,,1,,,,,,,
植物,クマツヅラ,,,,,,,,,,1,1,,,,,1,
植物,クマノザクラ,,,,,,,,,,1,,,,,,,
植物,クマノミズキ,,,,,,,,,,1,,,,,,,
植物,クマヤナギ,,,,,,,,,,1,,,,,,,
植物,クマワラビ,,,,,,,,,,1,,,,,,,
植物,クモキリソウ,,,,,,,,,,1,,,,,,,
植物,クモノスシダ,,,,,,,,,,1,,,,,,,1
植物,クモマニガナ,,,,,,,,,,,,,1,,,,
植物,クラマゴケ,,,,,,,,,,1,,,,,,,
植物,クララ,,,,,,,,,,,1,,,,,1,
植物,クリ,,,,,,,,,1,1,,,,,,,
植物,クリカボチャ,,,,,,,,,,,,,,,,,1
植物,クリハラン,1,,,,,,,,,1,,,,,,,
植物,クルマシダ,,,,,,,,,,1,,,,,,,
植物,クルマバザクロソウ,,,,,,,,,,,,,,,,1,
植物,クルマバソウ,,,,,,,,,,1,,,,,,,
植物,クルマバナ,,,,,,,,,,1,1,,,,,1,
植物,クルマバハグマ,,,,,,,,,,1,,,,,,,
植物,クルマムグラ,,,,,,,,,,1,,,,,,,
植物,クロイチゴ,,,,,,,,,,1,,,,,,,
植物,クロウメモドキ,,,,,,,,,,1,,,,,,,1
植物,クロカワズスゲ,,,,,,1,1,,,,1,,,,1,,
植物,クロガネモチ,,,,,,,,,,1,,,,,,,
植物,クロキ,,,,,,,,,,1,,,,,,,
植物,クログワイ,,,,,,1,1,,,,,,,,,,
植物,クロコヌカグサ,,,,,,,,,,1,,,,,,1,
植物,クロソヨゴ,,,,,,,,,,1,,,,,,,
植物,クロタネソウ,,,1,,,,,,,,,,,,,,
植物,クロチク,,,,,,,,,,1,,1,,,,,
植物,クロテンツキ,,,,,,1,,,1,,,,,,,,
植物,クロバイ,,,,,,,,,,1,,,,,,,
植物,クロバナエンジュ,,,,,,,,,,,,,1,,,,
植物,クロバナヒキオコシ,,,,,,,,,,1,,,,,,,
植物,クロボシソウ,,,,,,,,,,,,,1,,,,
植物,クロマツ,,,,,,,,,,,,,,,1,,
植物,クロミキイチゴ,,,1,,,,,,,,,,,,,,
植物,クロミノニシゴリ,,,,,,,,,,1,,,,,,,
